species n0,longitude,latitude,local id,geomwkt,localid,geomwkt
Aesculus hippocastanum,13.14367,55.70071,
Aesculus hippocastanum,21.15,39.68333333,
Aesculus hippocastanum,13.829389,46.280472,
Aesculus hippocastanum,6.59138,62.39496,
Aesculus hippocastanum,17.97561,62.6258,
Aesculus hippocastanum,10.76056,59.92433,
Aesculus hippocastanum,16.50558878,58.61891724,
Aesculus hippocastanum,5.7183,58.727,
Aesculus hippocastanum,10.47233,63.43903,
Aesculus hippocastanum,16.37972222,48.22,
Aesculus hippocastanum,13.5059886,59.3815839,
Aesculus hippocastanum,18.7420997,60.1614366,
Aesculus hippocastanum,15.67172,56.20409,
Aesculus hippocastanum,11.93874088,57.68589895,
Aesculus hippocastanum,15.6305914,60.6077713,
Aesculus hippocastanum,14.18368718,57.55611183,
Aesculus hippocastanum,13.7419,48.1865,
Aesculus hippocastanum,5.28229,60.43193,
Aesculus hippocastanum,15.1513369,59.1893147,
Aesculus hippocastanum,12.1737301,59.0294511,
Aesculus hippocastanum,16.47124351,57.28016146,
Aesculus hippocastanum,17.1042078,61.7261825,
Aesculus hippocastanum,14.47533,56.05848,
Aesculus hippocastanum,10.02542,58.986,
Aesculus hippocastanum,12.01296,60.19881,
Aesculus hippocastanum,12.70687,56.7993,
Aesculus hippocastanum,15.49433451,57.92659546,
Aesculus hippocastanum,12.99053428,58.17206069,
Aesculus hippocastanum,17.63068373,59.85270628,
Aesculus hippocastanum,14.08914546,58.58727516,
Aesculus hippocastanum,11.04363,58.99502,
Aesculus hippocastanum,17.58367,58.95109,
Aesculus hippocastanum,14.81187016,56.87748467,
Aesculus hippocastanum,12.30444444,55.93194444,
Aesculus hippocastanum,9.73851,63.70632,
Aesculus hippocastanum,14.03722117,56.8053337,
Aesculus hippocastanum,14.83362204,58.30577179,
Aesculus hippocastanum,13.9855452,55.4793917,
Aesculus hippocastanum,16.1226,59.27178,
Aesculus hippocastanum,18.21826,59.42687,
Aesculus hippocastanum,13.31013706,56.42816193,
Aesculus hippocastanum,5.4724,59.7566,
Aesculus hippocastanum,11.6773286,58.3307063,
Aesculus hippocastanum,11.65306,59.48128,
Aesculus hippocastanum,16.9889149,59.6333489,
Aesculus hippocastanum,10.12116,59.72618,
Aesculus hippocastanum,15.8054,59.96533,
Aesculus hippocastanum,16.15903119,57.86796607,
Aesculus hippocastanum,16.31043309,56.63724634,
Aesculus hippocastanum,17.39455,62.33123,
