species n0,longitude,latitude,local id,geomwkt,localid,geomwkt
Aesculus glabra,-80.48805556,39.89638889,
Aesculus glabra,-99.4067,30.0502,
Aesculus glabra,-93.364254,44.910764,
Aesculus glabra,-89.22266667,33.69766667,
Aesculus glabra,-96.833488,37.845525,
Aesculus glabra,-87.337427,40.21668,
Aesculus glabra,-92.12805,40.31083,
Aesculus glabra,-85.22,35.12,
Aesculus glabra,-92.96733,35.69453,
Aesculus glabra,-83.678163,42.278317,
Aesculus glabra,-79.487762,43.717265,
Aesculus glabra,-97.23,33.95,
Aesculus glabra,-89.430147,43.041283,
Aesculus glabra,-89.49361,37.47222,
Aesculus glabra,-83.634498,38.675983,
Aesculus glabra,-86.55305,32.26944,
Aesculus glabra,-90.890488,46.583466,
Aesculus glabra,-94.98,40.07,
Aesculus glabra,-96.743263,30.823822,
Aesculus glabra,-86.2019,42.655,
Aesculus glabra,-87.28,36.58,
Aesculus glabra,-92.483417,42.718486,
Aesculus glabra,-89.638275,40.690833,
Aesculus glabra,-92.767222,37.974722,
Aesculus glabra,-95.093536,36.081569,
Aesculus glabra,-80.46277,37.74972,
Aesculus glabra,-85.99403,38.29444,
Aesculus glabra,-90.704041,35.76629,
Aesculus glabra,-97.29664,39.83328,
Aesculus glabra,-81.695409,41.499495,
Aesculus glabra,-94.88318,38.00064,
Aesculus glabra,-98.355175,35.436137,
Aesculus glabra,-87.658403,34.783803,
Aesculus glabra,-88.0833,41.8333,
Aesculus glabra,-90.92611,39.01111,
Aesculus glabra,-81.915338,43.203975,
Aesculus glabra,-84.924792,39.809168,
Aesculus glabra,-82.550527,40.006127,
Aesculus glabra,-91.25,37.36666,
Aesculus glabra,-94.71600342,34.5,
Aesculus glabra,-93.609106,41.600545,
Aesculus glabra,-80.13248,41.64977,
Aesculus glabra,-93.654605,39.229212,
Aesculus glabra,-81.841111,38.420833,
Aesculus glabra,-91.029444,42.740278,
Aesculus glabra,-88.167,32.77124,
Aesculus glabra,-83.90957,40.90502,
Aesculus glabra,-96.799556,32.638153,
Aesculus glabra,-84.726372,37.81308,
Aesculus glabra,-89.59315,39.19449,
