species n0,longitude,latitude,local id,geomwkt,localid,geomwkt
Billia hippocastanum,-97.011944,19.58,
Billia hippocastanum,-80.106944,8.6375,
Billia hippocastanum,-87.93,14.79222,
Billia hippocastanum,-92.9661111,15.7302778,
Billia hippocastanum,-84.992222,10.704722,
Billia hippocastanum,-100.225,17.341667,
Billia hippocastanum,-85.7,13.283333,
Billia hippocastanum,-96.0488889,17.0944444,
Billia hippocastanum,-82.983333,9.233333,
Billia hippocastanum,-90.20444,15.18361,
Billia hippocastanum,-92.666667,17.5,
Billia hippocastanum,-91.1221275,16.71465875,
Billia hippocastanum,-85.933333,15,
Billia hippocastanum,-91.708611,14.726389,
Billia hippocastanum,-81.765833,8.490556,
Billia hippocastanum,-83.71,10.98,
Billia hippocastanum,-84.18,9.71,
Billia hippocastanum,-93.535167,16.938889,
Billia hippocastanum,-97.881667,20.111667,
Billia hippocastanum,-91.9625,16.2055556,
Billia hippocastanum,-91.004167,15.714167,
Billia hippocastanum,-83.385694,9.995807,
Billia hippocastanum,-96.558333,17.738333,
Billia hippocastanum,-92.319444,15.243056,
Billia hippocastanum,-88.21666,15.5,
Billia hippocastanum,-82.41666,8.80666,
Billia hippocastanum,-92.108333,17.131667,
Billia hippocastanum,-83.96,10.33,
Billia hippocastanum,-96.491667,19.325,
Billia hippocastanum,-97.3038889,20.13,
Billia hippocastanum,-92.75,16.95,
Billia hippocastanum,-83.68,9.48,
Billia hippocastanum,-85.48,10.91,
Billia hippocastanum,-84.73861,10.30666,
Billia hippocastanum,-84.34,10.17,
Billia hippocastanum,-96.949722,19.179722,
Billia hippocastanum,-93.4775,16.550278,
Billia hippocastanum,-91.05138,15.32777,
Billia hippocastanum,-96.217225,17.853433,
Billia hippocastanum,-83.89,9.98,
Billia hippocastanum,-92.61655648,15.41738824,
Billia hippocastanum,-96.327778,17.486389,
Billia hippocastanum,-92.932778,17.237778,
Billia hippocastanum,-97.608333,19.918889,
Billia hippocastanum,-85.683333,13.566667,
Billia hippocastanum,-83.23,9.37,
Billia hippocastanum,-84.45,9.78,
Billia hippocastanum,-97.3666667,19.8136111,
Billia hippocastanum,-92.098142,15.110086,
Billia hippocastanum,-83.93,9.54,
