species n0,longitude,latitude,local id,geomwkt,localid,geomwkt
Aesculus flava,-83.96805556,34.78111111,
Aesculus flava,-79.992767,40.593083,
Aesculus flava,-84.52323,39.16795,
Aesculus flava,-88.007194,35.303333,
Aesculus flava,-80.63002,37.04847,
Aesculus flava,-80.4502,34.2238,
Aesculus flava,-82.196698,39.512964,
Aesculus flava,-84.945484,36.707819,
Aesculus flava,-82.741958,36.707603,
Aesculus flava,-86.33675,38.204241,
Aesculus flava,-81.940155,41.48029,
Aesculus flava,-86.333956,34.9595,
Aesculus flava,-81.291313,35.558697,
Aesculus flava,-83.236767,38.123133,
Aesculus flava,-82.702539,35.270031,
Aesculus flava,-86.79967,36.14172,
Aesculus flava,-80.777752,39.597308,
Aesculus flava,-81.841111,38.420833,
Aesculus flava,-81.60104,36.61573,
Aesculus flava,-85.463572,38.711112,
Aesculus flava,-84.390006,37.539975,
Aesculus flava,-84.146728,33.806062,
Aesculus flava,-85.37528,34.70889,
Aesculus flava,-83.669352,36.601468,
Aesculus flava,-83.553858,35.642036,
Aesculus flava,-85.357908,37.462385,
Aesculus flava,-79.5831903,39.9262652,
Aesculus flava,-84.466376,36.112942,
Aesculus flava,-82.186195,35.828983,
Aesculus flava,-79.941427,37.27097,
Aesculus flava,-82.336861,37.293472,
Aesculus flava,-83.430503,35.059715,
Aesculus flava,-81.443328,41.153719,
Aesculus flava,-80.19722,39.7225,
Aesculus flava,-82.957859,35.798522,
Aesculus flava,-80.776806,37.609639,
Aesculus flava,-81.1716,37.218,
Aesculus flava,-84.036758,35.3098,
Aesculus flava,-86.020393,38.632986,
Aesculus flava,-81.760186,36.163665,
Aesculus flava,-80.453321,40.635823,
Aesculus flava,-84.157578,38.90542,
Aesculus flava,-80.8339,34.4569,
Aesculus flava,-80.27548,40.15422,
Aesculus flava,-84.933762,39.05247,
Aesculus flava,-83.190141,35.448471,
Aesculus flava,-82.289871,35.453315,
Aesculus flava,-80.5246,34.6542,
Aesculus flava,-81.646801,35.582443,
Aesculus flava,-80.3143,37.2005,
