species n0,longitude,latitude,local id,geomwkt,localid,geomwkt
Aesculus californica,-121.24643,39.21902,
Aesculus californica,-117.28333,34.00833,
Aesculus californica,-120.7638,35.4226,
Aesculus californica,-123.9139,41.848,
Aesculus californica,-123.5674,39.2975,
Aesculus californica,-122.28972,37.16111,
Aesculus californica,-118.7714,36.5204,
Aesculus californica,-122.3615201,40.77557197,
Aesculus californica,-118.87444,34.80139,
Aesculus californica,-119.965,37.605,
Aesculus californica,-122.4341,38.5186,
Aesculus californica,-124.2538313,40.44817495,
Aesculus californica,-121.1754,36.5033,
Aesculus californica,-118.39769,33.79889,
Aesculus californica,-123.003472,42.406472,
Aesculus californica,-119.8809,34.4698,
Aesculus californica,-120.5263,38.4727,
Aesculus californica,-122.5833333,39.7833333,
Aesculus californica,-123.3314,40.7786,
Aesculus californica,-117.91669,34.821274,
Aesculus californica,-121.3333,37.4375,
Aesculus californica,-118.480007,35.632241,
Aesculus californica,-119.639,36.7621,
Aesculus californica,-121.5972,40.3477,
Aesculus californica,-121.4382,38.2646,
Aesculus californica,-121.9178,36.519,
Aesculus californica,-120.4658333,36.09888889,
Aesculus californica,-122.0567,37.9074,
Aesculus californica,-122.8831,39.1422,
Aesculus californica,-121.9283333,39.20805556,
Aesculus californica,-123.3491,39.9383,
Aesculus californica,-121.305,35.775,
Aesculus californica,-120.2133,35.021,
Aesculus californica,-122.6865,37.9344,
Aesculus californica,-122.8535,40.3438,
Aesculus californica,-121.5636111,39.74055556,
Aesculus californica,-123.0037,38.5014,
Aesculus californica,-118.2495,34.3675,
Aesculus californica,-122.1426,40.2562,
Aesculus californica,-117.87056,33.64556,
Aesculus californica,-120.4589,37.9523,
Aesculus californica,-121.9101,38.5293,
Aesculus californica,-120.9787,38.7343,
Aesculus californica,-118.9936,36.0542,
Aesculus californica,-121.6,36.92,
Aesculus californica,-119.2913,37.1253,
Aesculus californica,-118.9352,35.4499,
Aesculus californica,-119.556977,37.848325,
Aesculus californica,-122.4310879,39.00989517,
Aesculus californica,-118.5478,35.1283,
