species n0,longitude,latitude,local id,geomwkt,localid,geomwkt
Aesculus parviflora,-86.9695,31.8914,
Aesculus parviflora,-71.11736,42.37651,
Aesculus parviflora,-79.95865,40.44609,
Aesculus parviflora,-75.221011,40.088444,
Aesculus parviflora,-77.0306,38.8892,
Aesculus parviflora,-84.90516442,31.3231195,
Aesculus parviflora,-73.55422,41.1005,
Aesculus parviflora,-86.6136,33.6384,
Aesculus parviflora,-87.551706,33.196281,
Aesculus parviflora,-85.860681,32.986262,
Aesculus parviflora,-86.035,31.8833333,
Aesculus parviflora,-74.4249167,40.4736667,
Aesculus parviflora,-75.947432,40.333704,
Aesculus parviflora,-71.42199,41.82362,
Aesculus parviflora,-75.21234,40.69699,
Aesculus parviflora,-75.6747222,39.871666,
Aesculus parviflora,-76.734612,39.212549,
Aesculus parviflora,-86.737395,31.573176,
Aesculus parviflora,-87.18865,32.086449,
Aesculus parviflora,-74.95174,40.072115,
Aesculus parviflora,-87.414648,33.37653,
Aesculus parviflora,-76.816911,39.054664,
Aesculus parviflora,-75.36223,40.64038,
Aesculus parviflora,-76.9417,39.0143,
Aesculus parviflora,-86.1197222,31.9716667,
Aesculus parviflora,-75.2899,40.167052,
Aesculus parviflora,-75.239194,40.139888,
Aesculus parviflora,-77.0503,38.9356,
Aesculus parviflora,-75.265705,40.175763,
Aesculus parviflora,-77.0144,38.8897,
