species name,longitude,latitude,local id
Billia hippocastanum,-97.011944,19.58,
Billia hippocastanum,-80.106944,8.6375,
Billia hippocastanum,-87.93,14.79222,
Billia hippocastanum,-92.9661111,15.7302778,
Billia hippocastanum,-84.992222,10.704722,
Billia hippocastanum,-100.225,17.341667,
Billia hippocastanum,-85.7,13.283333,
Billia hippocastanum,-96.0488889,17.0944444,
Billia hippocastanum,-82.983333,9.233333,
Billia hippocastanum,-90.20444,15.18361,
Billia hippocastanum,-92.666667,17.5,
Billia hippocastanum,-91.1221275,16.71465875,
Billia hippocastanum,-85.933333,15,
Billia hippocastanum,-91.708611,14.726389,
Billia hippocastanum,-81.765833,8.490556,
Billia hippocastanum,-83.71,10.98,
Billia hippocastanum,-84.18,9.71,
Billia hippocastanum,-93.535167,16.938889,
Billia hippocastanum,-97.881667,20.111667,
Billia hippocastanum,-91.9625,16.2055556,
Billia hippocastanum,-91.004167,15.714167,
Billia hippocastanum,-83.385694,9.995807,
Billia hippocastanum,-96.558333,17.738333,
Billia hippocastanum,-92.319444,15.243056,
Billia hippocastanum,-88.21666,15.5,
Billia hippocastanum,-82.41666,8.80666,
Billia hippocastanum,-92.108333,17.131667,
Billia hippocastanum,-83.96,10.33,
Billia hippocastanum,-96.491667,19.325,
Billia hippocastanum,-97.3038889,20.13,
Billia hippocastanum,-92.75,16.95,
Billia hippocastanum,-83.68,9.48,
Billia hippocastanum,-85.48,10.91,
Billia hippocastanum,-84.73861,10.30666,
Billia hippocastanum,-84.34,10.17,
Billia hippocastanum,-96.949722,19.179722,
Billia hippocastanum,-93.4775,16.550278,
Billia hippocastanum,-91.05138,15.32777,
Billia hippocastanum,-96.217225,17.853433,
Billia hippocastanum,-83.89,9.98,
Billia hippocastanum,-92.61655648,15.41738824,
Billia hippocastanum,-96.327778,17.486389,
Billia hippocastanum,-92.932778,17.237778,
Billia hippocastanum,-97.608333,19.918889,
Billia hippocastanum,-85.683333,13.566667,
Billia hippocastanum,-83.23,9.37,
Billia hippocastanum,-84.45,9.78,
Billia hippocastanum,-97.3666667,19.8136111,
Billia hippocastanum,-92.098142,15.110086,
Billia hippocastanum,-83.93,9.54,
Aesculus turbinata,140.4537,39.8979,
Aesculus turbinata,120.415961,36.107933,
Aesculus turbinata,130.94,31.58000003,
Aesculus turbinata,136.0234,35.5201,
Aesculus turbinata,142.409057,43.795816,
Aesculus turbinata,139.603039,35.282451,
Aesculus turbinata,133.266667,33.766667,
Aesculus turbinata,137.962222,36.901944,
Aesculus turbinata,140.109722,37.660278,
Aesculus turbinata,140.5043,43.0587,
Aesculus turbinata,135.572778,33.624722,
Aesculus turbinata,141.45009,41.40517,
Aesculus turbinata,134.053056,35.389722,
Aesculus turbinata,137.6518,35.1215,
Aesculus turbinata,131.215,33.1758,
Aesculus turbinata,141.7291,39.2039,
Aesculus turbinata,132.053,34.5502,
Aesculus turbinata,140.44765,36.3988,
Aesculus turbinata,139.219444,36.608611,
Aesculus turbinata,136.883333,36.4,
Aesculus turbinata,140.2219,41.9172,
Aesculus turbinata,141.51684,40.289095,
Aesculus turbinata,134.558846,34.062923,
Aesculus turbinata,133.06,35.07000003,
Aesculus turbinata,136.22,34.43000003,
Aesculus turbinata,140.15625,38.9875,
Aesculus turbinata,138.3302,36.0334,
Aesculus turbinata,135.1119,35.4479,
Aesculus turbinata,141.02855,38.7588,
Aesculus turbinata,138.51848,35.244739,
Aesculus turbinata,141.29976,42.94598,
Aesculus turbinata,139.0476,35.7946,
Aesculus turbinata,136.7028,35.7202,
Aesculus turbinata,139.29053,37.30736,
Aesculus turbinata,140.8791,41.0097,
Aesculus turbinata,134.01875,33.6875,
Aesculus turbinata,135.46,34.9,
Aesculus turbinata,139.7844,38.4564,
Aesculus turbinata,140.429,40.5401,
Aesculus turbinata,139.924477,37.066965,
Aesculus turbinata,137.466667,36.566667,
Aesculus turbinata,138.5038,36.5965,
Aesculus turbinata,134.666667,35.066667,
Aesculus turbinata,132.94375,33.2875,
Aesculus turbinata,133.5377,34.7485,
Aesculus turbinata,140.77678,36.85362,
Aesculus turbinata,142.3594,43.2408,
Aesculus turbinata,139.56329,36.00533,
Aesculus turbinata,140.0065,40.2027,
Aesculus turbinata,140.705,39.4275,
Aesculus sylvatica,-80.949231,35.398437,
Aesculus sylvatica,-73.873685,40.860144,
Aesculus sylvatica,-86.57,34.73,
Aesculus sylvatica,-77.448541,36.326083,
Aesculus sylvatica,-83.452151,34.022481,
Aesculus sylvatica,-79.2346,37.939,
Aesculus sylvatica,-84.887781,35.706998,
Aesculus sylvatica,-78.858517,35.054781,
Aesculus sylvatica,-80.5583,37.3366,
Aesculus sylvatica,-82.0424,33.707,
Aesculus sylvatica,-82.168939,35.952972,
Aesculus sylvatica,-84.614468,33.382863,
Aesculus sylvatica,-83.68,35.95,
Aesculus sylvatica,-78.885672,36.197331,
Aesculus sylvatica,-79.9186,35.0222,
Aesculus sylvatica,-81.144527,34.129587,
Aesculus sylvatica,-81.849972,34.592917,
Aesculus sylvatica,-80.5371,34.6499,
Aesculus sylvatica,-79.94815,35.72033,
Aesculus sylvatica,-84.117489,34.190319,
Aesculus sylvatica,-82.6108,34.0486,
Aesculus sylvatica,-79.2528,35.544992,
Aesculus sylvatica,-78.679615,35.697935,
Aesculus sylvatica,-81.270247,34.551039,
Aesculus sylvatica,-78.455908,36.255687,
Aesculus sylvatica,-80.2958,35.1417,
Aesculus sylvatica,-84.14583,33.80611,
Aesculus sylvatica,-79.268611,35.911111,
Aesculus sylvatica,-83.262779,33.733172,
Aesculus sylvatica,-80.805671,35.086221,
Aesculus sylvatica,-80.083333,35.416667,
Aesculus sylvatica,-82.0994722,34.3873333,
Aesculus sylvatica,-78.964748,35.882895,
Aesculus sylvatica,-78.658098,35.97333,
Aesculus sylvatica,-82.25027,33.55,
Aesculus sylvatica,-83.21732,34.08338,
Aesculus sylvatica,-81.162078,35.35877,
Aesculus sylvatica,-81.016708,35.107367,
Aesculus sylvatica,-79.114421,35.73871,
Aesculus sylvatica,-80.777991,35.457082,
Aesculus sylvatica,-79.012681,36.07272,
Aesculus sylvatica,-83.359154,33.880905,
Aesculus sylvatica,-78.823828,35.776447,
Aesculus sylvatica,-78.855569,36.071454,
Aesculus sylvatica,-80.173465,35.509093,
Aesculus sylvatica,-78.730971,35.869949,
Aesculus sylvatica,-82.12,33.62,
Aesculus sylvatica,-79.066437,35.927878,
Aesculus sylvatica,-78.91617,35.980347,
Aesculus sylvatica,-81.023483,35.47195,
Aesculus pavia,-92.576983,31.264568,
Aesculus pavia,-77.848679,34.43672,
Aesculus pavia,-84.79966536,29.89014672,
Aesculus pavia,-99.739157,29.589425,
Aesculus pavia,-90.54956,36.971164,
Aesculus pavia,-82.8166,34.7471,
Aesculus pavia,-88.381575,32.414389,
Aesculus pavia,-81.16179425,29.04603394,
Aesculus pavia,-95.001122,33.895541,
Aesculus pavia,-95.91999817,30.5359993,
Aesculus pavia,-80.836,32.3017,
Aesculus pavia,-85.4088889,32.3394444,
Aesculus pavia,-89.671878,34.447354,
Aesculus pavia,-86.794164,33.931212,
Aesculus pavia,-82.86083,31.74854,
Aesculus pavia,-88.885308,30.396032,
Aesculus pavia,-80.6926,34.3296,
Aesculus pavia,-90.6667,32.6833,
Aesculus pavia,-97.83835,29.5405,
Aesculus pavia,-94.91604,32.05785,
Aesculus pavia,-91.859808,35.706796,
Aesculus pavia,-97.53761,31.32803,
Aesculus pavia,-92.42451,33.04357,
Aesculus pavia,-86.5369,30.9633,
Aesculus pavia,-91.1762223,30.4146247,
Aesculus pavia,-82.73653356,29.32360053,
Aesculus pavia,-81.54231,30.844,
Aesculus pavia,-79.61,32.9983,
Aesculus pavia,-84.488596,31.293898,
Aesculus pavia,-93.8792,33.17563,
Aesculus pavia,-82.3901,32.968,
Aesculus pavia,-88.523055,33.984165,
Aesculus pavia,-90.701704,35.835383,
Aesculus pavia,-87.38533,32.92037,
Aesculus pavia,-83.89531977,30.43808791,
Aesculus pavia,-86.34694444,32.87444444,
Aesculus pavia,-85.54155491,30.74990536,
Aesculus pavia,-86.9569444,31.8830556,
Aesculus pavia,-89.0905,33.171,
Aesculus pavia,-91.783,31.816,
Aesculus pavia,-87.99241,30.694347,
Aesculus pavia,-80.8184,33.2187,
Aesculus pavia,-98.656462,29.8957,
Aesculus pavia,-89.182267,31.224538,
Aesculus pavia,-97.781949,30.334694,
Aesculus pavia,-81.697593,30.065241,
Aesculus pavia,-92.883333,32.4,
Aesculus pavia,-82.3267,30.8301,
Aesculus pavia,-83.3069,29.8303,
Aesculus pavia,-82.01955,29.1916,
Aesculus parviflora,-86.9695,31.8914,
Aesculus parviflora,-71.11736,42.37651,
Aesculus parviflora,-79.95865,40.44609,
Aesculus parviflora,-75.221011,40.088444,
Aesculus parviflora,-77.0306,38.8892,
Aesculus parviflora,-84.90516442,31.3231195,
Aesculus parviflora,-73.55422,41.1005,
Aesculus parviflora,-86.6136,33.6384,
Aesculus parviflora,-87.551706,33.196281,
Aesculus parviflora,-85.860681,32.986262,
Aesculus parviflora,-86.035,31.8833333,
Aesculus parviflora,-74.4249167,40.4736667,
Aesculus parviflora,-75.947432,40.333704,
Aesculus parviflora,-71.42199,41.82362,
Aesculus parviflora,-75.21234,40.69699,
Aesculus parviflora,-75.6747222,39.871666,
Aesculus parviflora,-76.734612,39.212549,
Aesculus parviflora,-86.737395,31.573176,
Aesculus parviflora,-87.18865,32.086449,
Aesculus parviflora,-74.95174,40.072115,
Aesculus parviflora,-87.414648,33.37653,
Aesculus parviflora,-76.816911,39.054664,
Aesculus parviflora,-75.36223,40.64038,
Aesculus parviflora,-76.9417,39.0143,
Aesculus parviflora,-86.1197222,31.9716667,
Aesculus parviflora,-75.2899,40.167052,
Aesculus parviflora,-75.239194,40.139888,
Aesculus parviflora,-77.0503,38.9356,
Aesculus parviflora,-75.265705,40.175763,
Aesculus parviflora,-77.0144,38.8897,
Aesculus parryi,-116.43333,31.88333,
Aesculus parryi,-117.016667,32.533333,
Aesculus parryi,-115.7833333,30.2166667,
Aesculus parryi,-116.083,30.8333,
Aesculus parryi,-115.763033,30.140217,
Aesculus parryi,-116.86028,32.02417,
Aesculus parryi,-116.444,31.43669,
Aesculus parryi,-115.65,31.0333333,
Aesculus parryi,-115.749722,31.022222,
Aesculus parryi,-116.03333,30.45833,
Aesculus parryi,-115.75,30.1333333,
Aesculus parryi,-115.58611,30.06139,
Aesculus parryi,-116.59667,31.49611,
Aesculus parryi,-115.75,30.15,
Aesculus parryi,-116.8833333,32.1833333,
Aesculus parryi,-115.75278,30.96889,
Aesculus parryi,-114.13,28.55,
Aesculus parryi,-116.747238,31.749722,
Aesculus parryi,-115.748573,30.067905,
Aesculus parryi,-114.55,29.1333333,
Aesculus parryi,-116.86666,32.0666667,
Aesculus parryi,-116.9,32.5666667,
Aesculus parryi,-116.71667,31.73333,
Aesculus parryi,-115.052249,29.455236,
Aesculus parryi,-116.055681,30.840557,
Aesculus parryi,-115.6333333,30.3833333,
Aesculus parryi,-116.4833333,31.6333333,
Aesculus parryi,-114.82,29.33,
Aesculus parryi,-115.78972,30.27056,
Aesculus parryi,-116.85,32,
Aesculus parryi,-116.4666667,31.6333333,
Aesculus parryi,-116.4125,31.55583,
Aesculus parryi,-115.752739,30.067901,
Aesculus parryi,-115.75264,30.0664,
Aesculus parryi,-116.459576,31.735492,
Aesculus parryi,-115.78333,30.31667,
Aesculus parryi,-115.61019,29.95339,
Aesculus parryi,-116.5,31.4666667,
Aesculus parryi,-115.736927,30.073646,
Aesculus parryi,-116.670719,31.872592,
Aesculus parryi,-115.738998,30.040599,
Aesculus parryi,-116.68444,31.70306,
Aesculus parryi,-115.567458,30.866735,
Aesculus parryi,-116.81667,31.98333,
Aesculus parryi,-116.0916667,30.975,
Aesculus parryi,-116.6833333,31.725,
Aesculus parryi,-116.855,32.026389,
Aesculus parryi,-116.8,32.075,
Aesculus parryi,-115.78522,30.96822,
Aesculus parryi,-116.56667,31.71667,
Aesculus indica,68.916667,34.45,
Aesculus indica,69.42,34.5,
Aesculus indica,70,30,
Aesculus indica,70.73,34.85,
Aesculus indica,71,35.25,
Aesculus indica,71.78,35.85,
Aesculus indica,71.88,35.2,
Aesculus indica,72.09528,35.20194,
Aesculus indica,72.58,35.33,
Aesculus indica,72.65,35.43333,
Aesculus indica,72.66,35.35,
Aesculus indica,72.668,35.351,
Aesculus indica,73,34.5,
Aesculus indica,73.42,33.92,
Aesculus indica,73.48,34.58,
Aesculus indica,73.53,34.78,
Aesculus indica,74.13,33.77,
Aesculus indica,74.3,35.9,
Aesculus indica,75.33,34.03,
Aesculus indica,81.050833,29.342222,
Aesculus indica,82.18,29.302778,
Aesculus hippocastanum,13.14367,55.70071,
Aesculus hippocastanum,21.15,39.68333333,
Aesculus hippocastanum,13.829389,46.280472,
Aesculus hippocastanum,6.59138,62.39496,
Aesculus hippocastanum,17.97561,62.6258,
Aesculus hippocastanum,10.76056,59.92433,
Aesculus hippocastanum,16.50558878,58.61891724,
Aesculus hippocastanum,5.7183,58.727,
Aesculus hippocastanum,10.47233,63.43903,
Aesculus hippocastanum,16.37972222,48.22,
Aesculus hippocastanum,13.5059886,59.3815839,
Aesculus hippocastanum,18.7420997,60.1614366,
Aesculus hippocastanum,15.67172,56.20409,
Aesculus hippocastanum,11.93874088,57.68589895,
Aesculus hippocastanum,15.6305914,60.6077713,
Aesculus hippocastanum,14.18368718,57.55611183,
Aesculus hippocastanum,13.7419,48.1865,
Aesculus hippocastanum,5.28229,60.43193,
Aesculus hippocastanum,15.1513369,59.1893147,
Aesculus hippocastanum,12.1737301,59.0294511,
Aesculus hippocastanum,16.47124351,57.28016146,
Aesculus hippocastanum,17.1042078,61.7261825,
Aesculus hippocastanum,14.47533,56.05848,
Aesculus hippocastanum,10.02542,58.986,
Aesculus hippocastanum,12.01296,60.19881,
Aesculus hippocastanum,12.70687,56.7993,
Aesculus hippocastanum,15.49433451,57.92659546,
Aesculus hippocastanum,12.99053428,58.17206069,
Aesculus hippocastanum,17.63068373,59.85270628,
Aesculus hippocastanum,14.08914546,58.58727516,
Aesculus hippocastanum,11.04363,58.99502,
Aesculus hippocastanum,17.58367,58.95109,
Aesculus hippocastanum,14.81187016,56.87748467,
Aesculus hippocastanum,12.30444444,55.93194444,
Aesculus hippocastanum,9.73851,63.70632,
Aesculus hippocastanum,14.03722117,56.8053337,
Aesculus hippocastanum,14.83362204,58.30577179,
Aesculus hippocastanum,13.9855452,55.4793917,
Aesculus hippocastanum,16.1226,59.27178,
Aesculus hippocastanum,18.21826,59.42687,
Aesculus hippocastanum,13.31013706,56.42816193,
Aesculus hippocastanum,5.4724,59.7566,
Aesculus hippocastanum,11.6773286,58.3307063,
Aesculus hippocastanum,11.65306,59.48128,
Aesculus hippocastanum,16.9889149,59.6333489,
Aesculus hippocastanum,10.12116,59.72618,
Aesculus hippocastanum,15.8054,59.96533,
Aesculus hippocastanum,16.15903119,57.86796607,
Aesculus hippocastanum,16.31043309,56.63724634,
Aesculus hippocastanum,17.39455,62.33123,
Aesculus glabra,-80.48805556,39.89638889,
Aesculus glabra,-99.4067,30.0502,
Aesculus glabra,-93.364254,44.910764,
Aesculus glabra,-89.22266667,33.69766667,
Aesculus glabra,-96.833488,37.845525,
Aesculus glabra,-87.337427,40.21668,
Aesculus glabra,-92.12805,40.31083,
Aesculus glabra,-85.22,35.12,
Aesculus glabra,-92.96733,35.69453,
Aesculus glabra,-83.678163,42.278317,
Aesculus glabra,-79.487762,43.717265,
Aesculus glabra,-97.23,33.95,
Aesculus glabra,-89.430147,43.041283,
Aesculus glabra,-89.49361,37.47222,
Aesculus glabra,-83.634498,38.675983,
Aesculus glabra,-86.55305,32.26944,
Aesculus glabra,-90.890488,46.583466,
Aesculus glabra,-94.98,40.07,
Aesculus glabra,-96.743263,30.823822,
Aesculus glabra,-86.2019,42.655,
Aesculus glabra,-87.28,36.58,
Aesculus glabra,-92.483417,42.718486,
Aesculus glabra,-89.638275,40.690833,
Aesculus glabra,-92.767222,37.974722,
Aesculus glabra,-95.093536,36.081569,
Aesculus glabra,-80.46277,37.74972,
Aesculus glabra,-85.99403,38.29444,
Aesculus glabra,-90.704041,35.76629,
Aesculus glabra,-97.29664,39.83328,
Aesculus glabra,-81.695409,41.499495,
Aesculus glabra,-94.88318,38.00064,
Aesculus glabra,-98.355175,35.436137,
Aesculus glabra,-87.658403,34.783803,
Aesculus glabra,-88.0833,41.8333,
Aesculus glabra,-90.92611,39.01111,
Aesculus glabra,-81.915338,43.203975,
Aesculus glabra,-84.924792,39.809168,
Aesculus glabra,-82.550527,40.006127,
Aesculus glabra,-91.25,37.36666,
Aesculus glabra,-94.71600342,34.5,
Aesculus glabra,-93.609106,41.600545,
Aesculus glabra,-80.13248,41.64977,
Aesculus glabra,-93.654605,39.229212,
Aesculus glabra,-81.841111,38.420833,
Aesculus glabra,-91.029444,42.740278,
Aesculus glabra,-88.167,32.77124,
Aesculus glabra,-83.90957,40.90502,
Aesculus glabra,-96.799556,32.638153,
Aesculus glabra,-84.726372,37.81308,
Aesculus glabra,-89.59315,39.19449,
Aesculus flava,-83.96805556,34.78111111,
Aesculus flava,-79.992767,40.593083,
Aesculus flava,-84.52323,39.16795,
Aesculus flava,-88.007194,35.303333,
Aesculus flava,-80.63002,37.04847,
Aesculus flava,-80.4502,34.2238,
Aesculus flava,-82.196698,39.512964,
Aesculus flava,-84.945484,36.707819,
Aesculus flava,-82.741958,36.707603,
Aesculus flava,-86.33675,38.204241,
Aesculus flava,-81.940155,41.48029,
Aesculus flava,-86.333956,34.9595,
Aesculus flava,-81.291313,35.558697,
Aesculus flava,-83.236767,38.123133,
Aesculus flava,-82.702539,35.270031,
Aesculus flava,-86.79967,36.14172,
Aesculus flava,-80.777752,39.597308,
Aesculus flava,-81.841111,38.420833,
Aesculus flava,-81.60104,36.61573,
Aesculus flava,-85.463572,38.711112,
Aesculus flava,-84.390006,37.539975,
Aesculus flava,-84.146728,33.806062,
Aesculus flava,-85.37528,34.70889,
Aesculus flava,-83.669352,36.601468,
Aesculus flava,-83.553858,35.642036,
Aesculus flava,-85.357908,37.462385,
Aesculus flava,-79.5831903,39.9262652,
Aesculus flava,-84.466376,36.112942,
Aesculus flava,-82.186195,35.828983,
Aesculus flava,-79.941427,37.27097,
Aesculus flava,-82.336861,37.293472,
Aesculus flava,-83.430503,35.059715,
Aesculus flava,-81.443328,41.153719,
Aesculus flava,-80.19722,39.7225,
Aesculus flava,-82.957859,35.798522,
Aesculus flava,-80.776806,37.609639,
Aesculus flava,-81.1716,37.218,
Aesculus flava,-84.036758,35.3098,
Aesculus flava,-86.020393,38.632986,
Aesculus flava,-81.760186,36.163665,
Aesculus flava,-80.453321,40.635823,
Aesculus flava,-84.157578,38.90542,
Aesculus flava,-80.8339,34.4569,
Aesculus flava,-80.27548,40.15422,
Aesculus flava,-84.933762,39.05247,
Aesculus flava,-83.190141,35.448471,
Aesculus flava,-82.289871,35.453315,
Aesculus flava,-80.5246,34.6542,
Aesculus flava,-81.646801,35.582443,
Aesculus flava,-80.3143,37.2005,
Aesculus chinensis,109.479425,30.2950262,
Aesculus chinensis,99.932102,22.555882,
Aesculus chinensis,121.6952778,31.19472222,
Aesculus chinensis,114.630747,39.879848,
Aesculus chinensis,103.891767,36.519977,
Aesculus chinensis,106.817837,22.3912876,
Aesculus chinensis,113.184435,24.813781,
Aesculus chinensis,103.1321812,28.3286355,
Aesculus chinensis,114.381419,30.561162,
Aesculus chinensis,108.174498,34.3192401,
Aesculus chinensis,104.7061,32.4733,
Aesculus chinensis,111.482595,33.2983681,
Aesculus chinensis,102.700012,25.0125259,
Aesculus chinensis,110.631884,26.7266001,
Aesculus chinensis,107.099275,29.1578486,
Aesculus chinensis,104.775278,20.776389,
Aesculus chinensis,107.244995,31.911853,
Aesculus chinensis,104.250726,23.3629998,
Aesculus chinensis,102.814639,30.3681173,
Aesculus chinensis,104.873642,27.4416401,
Aesculus chinensis,120.1729739,30.2739768,
Aesculus chinensis,108.403269,27.998977,
Aesculus chinensis,110.783718,31.3315994,
Aesculus chinensis,110.475361,29.2054616,
Aesculus chinensis,110.064082,33.016635,
Aesculus chinensis,106.921231,33.617764,
Aesculus chinensis,112.211769,32.087783,
Aesculus chinensis,108.629497,31.8240988,
Aesculus chinensis,113.166529,30.663372,
Aesculus chinensis,115.838889,39.71615,
Aesculus chinensis,110.871148,30.2222329,
Aesculus chinensis,109.629918,31.3701365,
Aesculus chinensis,103.3985889,29.4961191,
Aesculus chinensis,103.612264,30.996299,
Aesculus chinensis,106.289903,32.228921,
Aesculus chinensis,103.891354,27.748038,
Aesculus chinensis,106.288701,23.160603,
Aesculus chinensis,108.658379,28.890891,
Aesculus chinensis,111.047906,34.054197,
Aesculus chinensis,103.954021,28.53963,
Aesculus chinensis,111.195824,32.6058865,
Aesculus chinensis,110.327335,33.6957801,
Aesculus chinensis,110.032936,29.8877321,
Aesculus chinensis,108.0416,32.068138,
Aesculus chinensis,108.936374,30.2909964,
Aesculus chinensis,110.340757,31.0423266,
Aesculus chinensis,106.67304,33.1535501,
Aesculus chinensis,103.5717416,28.2627152,
Aesculus chinensis,103.148639,29.160369,
Aesculus chinensis,109.726617,30.601932,
Aesculus californica,-121.24643,39.21902,
Aesculus californica,-117.28333,34.00833,
Aesculus californica,-120.7638,35.4226,
Aesculus californica,-123.9139,41.848,
Aesculus californica,-123.5674,39.2975,
Aesculus californica,-122.28972,37.16111,
Aesculus californica,-118.7714,36.5204,
Aesculus californica,-122.3615201,40.77557197,
Aesculus californica,-118.87444,34.80139,
Aesculus californica,-119.965,37.605,
Aesculus californica,-122.4341,38.5186,
Aesculus californica,-124.2538313,40.44817495,
Aesculus californica,-121.1754,36.5033,
Aesculus californica,-118.39769,33.79889,
Aesculus californica,-123.003472,42.406472,
Aesculus californica,-119.8809,34.4698,
Aesculus californica,-120.5263,38.4727,
Aesculus californica,-122.5833333,39.7833333,
Aesculus californica,-123.3314,40.7786,
Aesculus californica,-117.91669,34.821274,
Aesculus californica,-121.3333,37.4375,
Aesculus californica,-118.480007,35.632241,
Aesculus californica,-119.639,36.7621,
Aesculus californica,-121.5972,40.3477,
Aesculus californica,-121.4382,38.2646,
Aesculus californica,-121.9178,36.519,
Aesculus californica,-120.4658333,36.09888889,
Aesculus californica,-122.0567,37.9074,
Aesculus californica,-122.8831,39.1422,
Aesculus californica,-121.9283333,39.20805556,
Aesculus californica,-123.3491,39.9383,
Aesculus californica,-121.305,35.775,
Aesculus californica,-120.2133,35.021,
Aesculus californica,-122.6865,37.9344,
Aesculus californica,-122.8535,40.3438,
Aesculus californica,-121.5636111,39.74055556,
Aesculus californica,-123.0037,38.5014,
Aesculus californica,-118.2495,34.3675,
Aesculus californica,-122.1426,40.2562,
Aesculus californica,-117.87056,33.64556,
Aesculus californica,-120.4589,37.9523,
Aesculus californica,-121.9101,38.5293,
Aesculus californica,-120.9787,38.7343,
Aesculus californica,-118.9936,36.0542,
Aesculus californica,-121.6,36.92,
Aesculus californica,-119.2913,37.1253,
Aesculus californica,-118.9352,35.4499,
Aesculus californica,-119.556977,37.848325,
Aesculus californica,-122.4310879,39.00989517,
Aesculus californica,-118.5478,35.1283,
Aesculus assamica,103.7867,22.3748,
Aesculus assamica,89.606422,26.665066,
Aesculus assamica,98.598056,15.023889,
Aesculus assamica,103.95402,28.5396299,
Aesculus assamica,95.37456,25.522,
Aesculus assamica,99.833,20.333,
Aesculus assamica,106.817837,22.3912876,
Aesculus assamica,101.2904,23.5618,
Aesculus assamica,105.334672,24.68123,
Aesculus assamica,105.506333,20.338667,
Aesculus assamica,98.416667,17.283333,
Aesculus assamica,101.56488,21.481621,
Aesculus assamica,99.932102,22.555882,
Aesculus assamica,104.672252,23.437468,
Aesculus assamica,102.392353,22.99417,
Aesculus assamica,105.822072,23.258134,
Aesculus assamica,103.388085,23.36561,
Aesculus assamica,104.785,20.71527,
Aesculus assamica,103.891353,27.7480376,
Aesculus assamica,106.6319444,23.03666667,
Aesculus assamica,103.086573,22.792186,
Aesculus assamica,99.233333,15,
Aesculus assamica,101.78,23.70027778,
Aesculus assamica,105.630906,23.625319,
Aesculus assamica,103.7388889,23.21694444,
Aesculus assamica,104.337169,23.605727,
Aesculus assamica,106.288701,23.160603,
Aesculus assamica,101.25,21.41,
Aesculus assamica,104.702829,23.125462,
Aesculus assamica,103.625283,22.626933,