species n0,longitude,latitude,local id,geomwkt,localid,geomwkt
Aesculus indica,68.916667,34.45,
Aesculus indica,69.42,34.5,
Aesculus indica,70,30,
Aesculus indica,70.73,34.85,
Aesculus indica,71,35.25,
Aesculus indica,71.78,35.85,
Aesculus indica,71.88,35.2,
Aesculus indica,72.09528,35.20194,
Aesculus indica,72.58,35.33,
Aesculus indica,72.65,35.43333,
Aesculus indica,72.66,35.35,
Aesculus indica,72.668,35.351,
Aesculus indica,73,34.5,
Aesculus indica,73.42,33.92,
Aesculus indica,73.48,34.58,
Aesculus indica,73.53,34.78,
Aesculus indica,74.13,33.77,
Aesculus indica,74.3,35.9,
Aesculus indica,75.33,34.03,
Aesculus indica,81.050833,29.342222,
Aesculus indica,82.18,29.302778,
