species n0,longitude,latitude,local id,geomwkt,localid,geomwkt
Aesculus parryi,-116.43333,31.88333,
Aesculus parryi,-117.016667,32.533333,
Aesculus parryi,-115.7833333,30.2166667,
Aesculus parryi,-116.083,30.8333,
Aesculus parryi,-115.763033,30.140217,
Aesculus parryi,-116.86028,32.02417,
Aesculus parryi,-116.444,31.43669,
Aesculus parryi,-115.65,31.0333333,
Aesculus parryi,-115.749722,31.022222,
Aesculus parryi,-116.03333,30.45833,
Aesculus parryi,-115.75,30.1333333,
Aesculus parryi,-115.58611,30.06139,
Aesculus parryi,-116.59667,31.49611,
Aesculus parryi,-115.75,30.15,
Aesculus parryi,-116.8833333,32.1833333,
Aesculus parryi,-115.75278,30.96889,
Aesculus parryi,-114.13,28.55,
Aesculus parryi,-116.747238,31.749722,
Aesculus parryi,-115.748573,30.067905,
Aesculus parryi,-114.55,29.1333333,
Aesculus parryi,-116.86666,32.0666667,
Aesculus parryi,-116.9,32.5666667,
Aesculus parryi,-116.71667,31.73333,
Aesculus parryi,-115.052249,29.455236,
Aesculus parryi,-116.055681,30.840557,
Aesculus parryi,-115.6333333,30.3833333,
Aesculus parryi,-116.4833333,31.6333333,
Aesculus parryi,-114.82,29.33,
Aesculus parryi,-115.78972,30.27056,
Aesculus parryi,-116.85,32,
Aesculus parryi,-116.4666667,31.6333333,
Aesculus parryi,-116.4125,31.55583,
Aesculus parryi,-115.752739,30.067901,
Aesculus parryi,-115.75264,30.0664,
Aesculus parryi,-116.459576,31.735492,
Aesculus parryi,-115.78333,30.31667,
Aesculus parryi,-115.61019,29.95339,
Aesculus parryi,-116.5,31.4666667,
Aesculus parryi,-115.736927,30.073646,
Aesculus parryi,-116.670719,31.872592,
Aesculus parryi,-115.738998,30.040599,
Aesculus parryi,-116.68444,31.70306,
Aesculus parryi,-115.567458,30.866735,
Aesculus parryi,-116.81667,31.98333,
Aesculus parryi,-116.0916667,30.975,
Aesculus parryi,-116.6833333,31.725,
Aesculus parryi,-116.855,32.026389,
Aesculus parryi,-116.8,32.075,
Aesculus parryi,-115.78522,30.96822,
Aesculus parryi,-116.56667,31.71667,
