species n0,longitude,latitude,local id,geomwkt,localid,geomwkt
Aesculus turbinata,140.4537,39.8979,
Aesculus turbinata,120.415961,36.107933,
Aesculus turbinata,130.94,31.58000003,
Aesculus turbinata,136.0234,35.5201,
Aesculus turbinata,142.409057,43.795816,
Aesculus turbinata,139.603039,35.282451,
Aesculus turbinata,133.266667,33.766667,
Aesculus turbinata,137.962222,36.901944,
Aesculus turbinata,140.109722,37.660278,
Aesculus turbinata,140.5043,43.0587,
Aesculus turbinata,135.572778,33.624722,
Aesculus turbinata,141.45009,41.40517,
Aesculus turbinata,134.053056,35.389722,
Aesculus turbinata,137.6518,35.1215,
Aesculus turbinata,131.215,33.1758,
Aesculus turbinata,141.7291,39.2039,
Aesculus turbinata,132.053,34.5502,
Aesculus turbinata,140.44765,36.3988,
Aesculus turbinata,139.219444,36.608611,
Aesculus turbinata,136.883333,36.4,
Aesculus turbinata,140.2219,41.9172,
Aesculus turbinata,141.51684,40.289095,
Aesculus turbinata,134.558846,34.062923,
Aesculus turbinata,133.06,35.07000003,
Aesculus turbinata,136.22,34.43000003,
Aesculus turbinata,140.15625,38.9875,
Aesculus turbinata,138.3302,36.0334,
Aesculus turbinata,135.1119,35.4479,
Aesculus turbinata,141.02855,38.7588,
Aesculus turbinata,138.51848,35.244739,
Aesculus turbinata,141.29976,42.94598,
Aesculus turbinata,139.0476,35.7946,
Aesculus turbinata,136.7028,35.7202,
Aesculus turbinata,139.29053,37.30736,
Aesculus turbinata,140.8791,41.0097,
Aesculus turbinata,134.01875,33.6875,
Aesculus turbinata,135.46,34.9,
Aesculus turbinata,139.7844,38.4564,
Aesculus turbinata,140.429,40.5401,
Aesculus turbinata,139.924477,37.066965,
Aesculus turbinata,137.466667,36.566667,
Aesculus turbinata,138.5038,36.5965,
Aesculus turbinata,134.666667,35.066667,
Aesculus turbinata,132.94375,33.2875,
Aesculus turbinata,133.5377,34.7485,
Aesculus turbinata,140.77678,36.85362,
Aesculus turbinata,142.3594,43.2408,
Aesculus turbinata,139.56329,36.00533,
Aesculus turbinata,140.0065,40.2027,
Aesculus turbinata,140.705,39.4275,
