species n0,longitude,latitude,local id,geomwkt,localid,geomwkt
Aesculus pavia,-92.576983,31.264568,
Aesculus pavia,-77.848679,34.43672,
Aesculus pavia,-84.79966536,29.89014672,
Aesculus pavia,-99.739157,29.589425,
Aesculus pavia,-90.54956,36.971164,
Aesculus pavia,-82.8166,34.7471,
Aesculus pavia,-88.381575,32.414389,
Aesculus pavia,-81.16179425,29.04603394,
Aesculus pavia,-95.001122,33.895541,
Aesculus pavia,-95.91999817,30.5359993,
Aesculus pavia,-80.836,32.3017,
Aesculus pavia,-85.4088889,32.3394444,
Aesculus pavia,-89.671878,34.447354,
Aesculus pavia,-86.794164,33.931212,
Aesculus pavia,-82.86083,31.74854,
Aesculus pavia,-88.885308,30.396032,
Aesculus pavia,-80.6926,34.3296,
Aesculus pavia,-90.6667,32.6833,
Aesculus pavia,-97.83835,29.5405,
Aesculus pavia,-94.91604,32.05785,
Aesculus pavia,-91.859808,35.706796,
Aesculus pavia,-97.53761,31.32803,
Aesculus pavia,-92.42451,33.04357,
Aesculus pavia,-86.5369,30.9633,
Aesculus pavia,-91.1762223,30.4146247,
Aesculus pavia,-82.73653356,29.32360053,
Aesculus pavia,-81.54231,30.844,
Aesculus pavia,-79.61,32.9983,
Aesculus pavia,-84.488596,31.293898,
Aesculus pavia,-93.8792,33.17563,
Aesculus pavia,-82.3901,32.968,
Aesculus pavia,-88.523055,33.984165,
Aesculus pavia,-90.701704,35.835383,
Aesculus pavia,-87.38533,32.92037,
Aesculus pavia,-83.89531977,30.43808791,
Aesculus pavia,-86.34694444,32.87444444,
Aesculus pavia,-85.54155491,30.74990536,
Aesculus pavia,-86.9569444,31.8830556,
Aesculus pavia,-89.0905,33.171,
Aesculus pavia,-91.783,31.816,
Aesculus pavia,-87.99241,30.694347,
Aesculus pavia,-80.8184,33.2187,
Aesculus pavia,-98.656462,29.8957,
Aesculus pavia,-89.182267,31.224538,
Aesculus pavia,-97.781949,30.334694,
Aesculus pavia,-81.697593,30.065241,
Aesculus pavia,-92.883333,32.4,
Aesculus pavia,-82.3267,30.8301,
Aesculus pavia,-83.3069,29.8303,
Aesculus pavia,-82.01955,29.1916,
