species n0,longitude,latitude,local id,geomwkt,localid,geomwkt
Aesculus sylvatica,-80.949231,35.398437,
Aesculus sylvatica,-73.873685,40.860144,
Aesculus sylvatica,-86.57,34.73,
Aesculus sylvatica,-77.448541,36.326083,
Aesculus sylvatica,-83.452151,34.022481,
Aesculus sylvatica,-79.2346,37.939,
Aesculus sylvatica,-84.887781,35.706998,
Aesculus sylvatica,-78.858517,35.054781,
Aesculus sylvatica,-80.5583,37.3366,
Aesculus sylvatica,-82.0424,33.707,
Aesculus sylvatica,-82.168939,35.952972,
Aesculus sylvatica,-84.614468,33.382863,
Aesculus sylvatica,-83.68,35.95,
Aesculus sylvatica,-78.885672,36.197331,
Aesculus sylvatica,-79.9186,35.0222,
Aesculus sylvatica,-81.144527,34.129587,
Aesculus sylvatica,-81.849972,34.592917,
Aesculus sylvatica,-80.5371,34.6499,
Aesculus sylvatica,-79.94815,35.72033,
Aesculus sylvatica,-84.117489,34.190319,
Aesculus sylvatica,-82.6108,34.0486,
Aesculus sylvatica,-79.2528,35.544992,
Aesculus sylvatica,-78.679615,35.697935,
Aesculus sylvatica,-81.270247,34.551039,
Aesculus sylvatica,-78.455908,36.255687,
Aesculus sylvatica,-80.2958,35.1417,
Aesculus sylvatica,-84.14583,33.80611,
Aesculus sylvatica,-79.268611,35.911111,
Aesculus sylvatica,-83.262779,33.733172,
Aesculus sylvatica,-80.805671,35.086221,
Aesculus sylvatica,-80.083333,35.416667,
Aesculus sylvatica,-82.0994722,34.3873333,
Aesculus sylvatica,-78.964748,35.882895,
Aesculus sylvatica,-78.658098,35.97333,
Aesculus sylvatica,-82.25027,33.55,
Aesculus sylvatica,-83.21732,34.08338,
Aesculus sylvatica,-81.162078,35.35877,
Aesculus sylvatica,-81.016708,35.107367,
Aesculus sylvatica,-79.114421,35.73871,
Aesculus sylvatica,-80.777991,35.457082,
Aesculus sylvatica,-79.012681,36.07272,
Aesculus sylvatica,-83.359154,33.880905,
Aesculus sylvatica,-78.823828,35.776447,
Aesculus sylvatica,-78.855569,36.071454,
Aesculus sylvatica,-80.173465,35.509093,
Aesculus sylvatica,-78.730971,35.869949,
Aesculus sylvatica,-82.12,33.62,
Aesculus sylvatica,-79.066437,35.927878,
Aesculus sylvatica,-78.91617,35.980347,
Aesculus sylvatica,-81.023483,35.47195,
