species n0,longitude,latitude,local id,geomwkt,localid,geomwkt
Aesculus chinensis,109.479425,30.2950262,
Aesculus chinensis,99.932102,22.555882,
Aesculus chinensis,121.6952778,31.19472222,
Aesculus chinensis,114.630747,39.879848,
Aesculus chinensis,103.891767,36.519977,
Aesculus chinensis,106.817837,22.3912876,
Aesculus chinensis,113.184435,24.813781,
Aesculus chinensis,103.1321812,28.3286355,
Aesculus chinensis,114.381419,30.561162,
Aesculus chinensis,108.174498,34.3192401,
Aesculus chinensis,104.7061,32.4733,
Aesculus chinensis,111.482595,33.2983681,
Aesculus chinensis,102.700012,25.0125259,
Aesculus chinensis,110.631884,26.7266001,
Aesculus chinensis,107.099275,29.1578486,
Aesculus chinensis,104.775278,20.776389,
Aesculus chinensis,107.244995,31.911853,
Aesculus chinensis,104.250726,23.3629998,
Aesculus chinensis,102.814639,30.3681173,
Aesculus chinensis,104.873642,27.4416401,
Aesculus chinensis,120.1729739,30.2739768,
Aesculus chinensis,108.403269,27.998977,
Aesculus chinensis,110.783718,31.3315994,
Aesculus chinensis,110.475361,29.2054616,
Aesculus chinensis,110.064082,33.016635,
Aesculus chinensis,106.921231,33.617764,
Aesculus chinensis,112.211769,32.087783,
Aesculus chinensis,108.629497,31.8240988,
Aesculus chinensis,113.166529,30.663372,
Aesculus chinensis,115.838889,39.71615,
Aesculus chinensis,110.871148,30.2222329,
Aesculus chinensis,109.629918,31.3701365,
Aesculus chinensis,103.3985889,29.4961191,
Aesculus chinensis,103.612264,30.996299,
Aesculus chinensis,106.289903,32.228921,
Aesculus chinensis,103.891354,27.748038,
Aesculus chinensis,106.288701,23.160603,
Aesculus chinensis,108.658379,28.890891,
Aesculus chinensis,111.047906,34.054197,
Aesculus chinensis,103.954021,28.53963,
Aesculus chinensis,111.195824,32.6058865,
Aesculus chinensis,110.327335,33.6957801,
Aesculus chinensis,110.032936,29.8877321,
Aesculus chinensis,108.0416,32.068138,
Aesculus chinensis,108.936374,30.2909964,
Aesculus chinensis,110.340757,31.0423266,
Aesculus chinensis,106.67304,33.1535501,
Aesculus chinensis,103.5717416,28.2627152,
Aesculus chinensis,103.148639,29.160369,
Aesculus chinensis,109.726617,30.601932,
