species n0,longitude,latitude,local id,geomwkt,localid,geomwkt
Aesculus assamica,103.7867,22.3748,
Aesculus assamica,89.606422,26.665066,
Aesculus assamica,98.598056,15.023889,
Aesculus assamica,103.95402,28.5396299,
Aesculus assamica,95.37456,25.522,
Aesculus assamica,99.833,20.333,
Aesculus assamica,106.817837,22.3912876,
Aesculus assamica,101.2904,23.5618,
Aesculus assamica,105.334672,24.68123,
Aesculus assamica,105.506333,20.338667,
Aesculus assamica,98.416667,17.283333,
Aesculus assamica,101.56488,21.481621,
Aesculus assamica,99.932102,22.555882,
Aesculus assamica,104.672252,23.437468,
Aesculus assamica,102.392353,22.99417,
Aesculus assamica,105.822072,23.258134,
Aesculus assamica,103.388085,23.36561,
Aesculus assamica,104.785,20.71527,
Aesculus assamica,103.891353,27.7480376,
Aesculus assamica,106.6319444,23.03666667,
Aesculus assamica,103.086573,22.792186,
Aesculus assamica,99.233333,15,
Aesculus assamica,101.78,23.70027778,
Aesculus assamica,105.630906,23.625319,
Aesculus assamica,103.7388889,23.21694444,
Aesculus assamica,104.337169,23.605727,
Aesculus assamica,106.288701,23.160603,
Aesculus assamica,101.25,21.41,
Aesculus assamica,104.702829,23.125462,
Aesculus assamica,103.625283,22.626933,
